,SP500,MSCI_EAFE,MSCI_EM,Gold,Oil_WTI,UST10Y
SP500,1.0,0.7921484783908482,0.7098343122926933,0.07126457661345233,0.2291907257427158,-0.1633820663338367
MSCI_EAFE,0.7921484783908482,1.0,0.7835605920129388,0.2247894525945938,0.267508621760335,-0.08649387888619647
MSCI_EM,0.7098343122926933,0.7835605920129388,1.0,0.24652237922334028,0.27726337427713177,-0.07629238343774705
Gold,0.07126457661345233,0.2247894525945938,0.24652237922334028,1.0,0.21260953056854964,0.25785481156364204
Oil_WTI,0.2291907257427158,0.267508621760335,0.27726337427713177,0.21260953056854964,1.0,-0.14919636573722805
UST10Y,-0.1633820663338367,-0.08649387888619647,-0.07629238343774705,0.25785481156364204,-0.14919636573722805,1.0
