,SP500,MSCI_EAFE,MSCI_EM,Gold,Oil_WTI,UST10Y
SP500,1.0,0.9369981218765472,0.8923796962733798,0.04257410351111378,0.49717525578234584,-0.4315472734325443
MSCI_EAFE,0.9369981218765472,1.0,0.9283747404630274,0.09297469133254234,0.4722879899020876,-0.40513605138428893
MSCI_EM,0.8923796962733798,0.9283747404630274,1.0,0.09780752164712105,0.4797741468540552,-0.4214018853692297
Gold,0.04257410351111378,0.09297469133254234,0.09780752164712105,1.0,0.13779170128165705,0.17987173487535166
Oil_WTI,0.49717525578234584,0.4722879899020876,0.4797741468540552,0.13779170128165705,1.0,-0.29380255375067066
UST10Y,-0.4315472734325443,-0.40513605138428893,-0.4214018853692297,0.17987173487535166,-0.29380255375067066,1.0
