fase,sharpe,sortino,mdd,var
baseline,0.7556220253089815,0.7708607036244822,-0.08924419570628239,-0.023287153954857667
augmented,1.0515318615995706,1.1674277882682358,-0.09043803623434843,-0.022940660102252944
