fase,sharpe,sortino,mdd,var
baseline,0.7438724158795246,0.6458800703926653,-0.21005104352394544,-0.02974302750232035
augmented,0.7438855395644506,0.6458922164251927,-0.21004839091638272,-0.029742778613570834
