fase,sharpe,sortino,mdd,var
baseline,0.9084254730069102,0.903097749363436,-0.17496321945916904,-0.019450553449191887
augmented,1.4634025020410673,1.6299002990280576,-0.1887239355325342,-0.03085196403096827
