fase,sharpe,sortino,mdd,var
baseline,0.6350455220559804,0.5858498446835653,-0.054404206390810894,-0.03150583547700542
augmented,1.4362331148020444,1.2888871200705005,-0.09390354748350749,-0.02507698848761765
