fase,sharpe,sortino,mdd,var
baseline,0.8653845343612245,0.7696733450320672,-0.1753857757388423,-0.029865721159893055
augmented,0.895932849765122,0.8137762601805024,-0.13413836089118314,-0.029109583081901914
